text_id,cohesion,syntax,vocabulary,phraseology,grammar,conventions
00BCADB373EF,3.3485394,3.253551,3.4411712,3.3461595,3.2696729,3.313395
00D281524375,3.3468132,3.2517056,3.4394982,3.3444257,3.2680275,3.3115432
00ED2563D0B1,3.3485394,3.253551,3.4411712,3.3461595,3.2696729,3.313395
01350DF42AED,2.5815487,2.507742,2.6977658,2.566442,2.4776595,2.525622
019BDC9DF7CD,3.0514247,2.9600117,3.1624427,3.0445201,2.9652555,3.0050774
01A65BA4080E,3.3485394,3.253551,3.4411712,3.3461595,3.2696729,3.313395
0316F6288791,3.3481774,3.2532516,3.440847,3.3458257,3.2692978,3.3130517
036042533396,3.346379,3.2512443,3.4390786,3.3439898,3.2676132,3.311079
037ED3EA2982,3.3485348,3.253547,3.4411674,3.3461552,3.2696679,3.3133903
0381BBE47393,3.3485394,3.253551,3.4411712,3.3461595,3.2696729,3.313395
03844422EA75,2.5810342,2.5072505,2.69724,2.5659733,2.4771948,2.5251622
038480498E5A,3.348079,3.253058,3.4407246,3.3456974,3.2692342,3.3129
03CC97D3747E,3.3485394,3.253551,3.4411712,3.3461595,3.2696729,3.313395
0435196871A1,3.1845157,3.0844245,3.2818446,3.1745899,3.1032193,3.1356945
043B9F48FDC2,2.8971348,2.8044543,3.0030453,2.8848426,2.80942,2.8414235
046C6FB91CBA,3.3485394,3.253551,3.4411712,3.3461595,3.2696729,3.313395
0506BAC596A7,2.761702,2.6895328,2.875505,2.7501333,2.664617,2.715189
050BFA60C6AF,2.5816398,2.507829,2.6978588,2.566525,2.4777417,2.5257034
0514D25768A0,3.3456402,3.250457,3.4383633,3.3432446,3.2669086,3.3102875
0563F089C239,2.5834565,2.509665,2.6995466,2.5684097,2.4797094,2.5276046
05ACEDBB9CB4,3.3456542,3.25103,3.4385948,3.3436005,3.2667453,3.3106663
05E5653B781C,3.1956546,3.0981717,3.2925866,3.1856499,3.120623,3.1510766
06FA8EF28227,2.8305514,2.7316449,2.91931,2.8233833,2.7485204,2.7761085
0756FC69B810,2.9439719,2.871692,3.0642445,2.9366853,2.853158,2.9070613
079FDB42E429,3.3485394,3.253551,3.4411712,3.3461595,3.2696729,3.313395
07C6BB6ADA38,3.3484344,3.2534385,3.4410694,3.346054,3.2695725,3.313282
07D5647B11AE,3.2217064,3.1244526,3.3183303,3.2133546,3.1457627,3.1787293
085C8B43ADD6,3.3485394,3.253551,3.4411712,3.3461595,3.2696729,3.313395
08683001D359,2.656405,2.5809875,2.7737257,2.639522,2.5522053,2.6004446
08B25090A80C,3.3485394,3.253551,3.4411712,3.3461595,3.2696729,3.313395
0985602832CD,3.1719947,3.0710728,3.269535,3.1623702,3.0875912,3.121297
0AC3C87DC51A,3.181752,3.0837338,3.2694335,3.1731517,3.1016254,3.1354485
0AF4F757FBEA,2.5670009,2.4938283,2.6828861,2.553186,2.4644637,2.5125976
0B3118834B72,3.3446121,3.2489746,3.4366288,3.3409946,3.2653337,3.3081234
0B84A2B37B65,2.5812416,2.5074267,2.6973994,2.56606,2.4773455,2.5252643
0BDADA3AFF77,3.2269619,3.1385632,3.3314948,3.2288594,3.1410236,3.191608
0BF56A2681D3,3.3484166,3.2534194,3.4410522,3.3460362,3.2695556,3.313263
0C91926E2BC6,2.7243028,2.632064,2.8307676,2.7147155,2.6260266,2.662484
0CFDDC1CF75A,2.719656,2.645663,2.8365464,2.7029681,2.6198707,2.6667786
0E07647BBC59,3.3485394,3.2535508,3.4411712,3.3461595,3.2696724,3.313395
0E26C20CFBBE,3.1899343,3.1012635,3.297092,3.1903749,3.1006134,3.1526005
0EEE49F99224,3.2784317,3.1869655,3.377034,3.279182,3.197946,3.242969
0F7900292BB6,2.4917197,2.4212327,2.6052556,2.4851005,2.395122,2.4449003
0F8436260047,3.347393,3.2525513,3.4401474,3.3451455,3.2685115,3.312313
0F8F499BAAB9,2.8003201,2.7033226,2.9061399,2.7877467,2.7007866,2.7356777
1087B6C7FB98,3.348494,3.2535026,3.4411273,3.3461137,3.2696292,3.3133461
108CA77CBAB4,2.9178495,2.8243527,3.0181744,2.905067,2.8220696,2.8571067
109D8D4A91FC,3.346414,3.251662,3.4392624,3.3442562,3.2674766,3.3113427
10ECA491D66C,3.3485394,3.253551,3.4411712,3.3461595,3.2696729,3.313395
125E7C6E0D31,3.1901665,3.101767,3.2977028,3.191113,3.100908,3.1533637
12796C5A0480,2.4938388,2.4233508,2.6072807,2.4872146,2.3973413,2.4470353
13450D581EC9,2.6792183,2.6023567,2.7955685,2.6628327,2.5729277,2.6216557
134937CE445C,3.2254024,3.1283867,3.3222973,3.2177582,3.149817,3.1832638
136F4548CFD0,2.8556762,2.7621377,2.9500391,2.8416648,2.765475,2.7965953
15847C58ED47,3.1616273,3.080897,3.264771,3.1541996,3.0809057,3.127977
15FD5B635B50,3.3474956,3.2526412,3.440239,3.3452363,3.2686152,3.3124099
161779A176BD,3.3485394,3.253551,3.4411712,3.3461595,3.2696729,3.313395
161F2D351A92,2.9312959,2.8529096,3.04155,2.9194312,2.8363426,2.8857486
163A54729CAA,3.3485389,3.2535508,3.441171,3.346159,3.2696724,3.3133945
163AC455E1DF,3.1074874,3.0235057,3.210834,3.0964055,3.0286345,3.067645
1649A2246587,3.3485394,3.253551,3.4411712,3.3461595,3.2696729,3.313395
164D6D056A48,3.1378584,3.0471141,3.2466636,3.1360705,3.0499928,3.0969095
1721F085F81E,3.3476455,3.2527046,3.4403443,3.3453217,3.268787,3.3125038
174C4761FEA2,3.3475509,3.2526894,3.4402885,3.345285,3.2686715,3.3124619
17E1D83B4708,3.3485394,3.253551,3.4411712,3.3461595,3.2696729,3.313395
17E521D5F29C,3.3485394,3.253551,3.4411712,3.3461595,3.2696729,3.313395
1AA55FB101FD,3.0169854,2.9217021,3.1131434,3.0043664,2.9375765,2.9637935
1AD12415C4DB,2.6247334,2.5498571,2.741181,2.6084468,2.5212862,2.5688336
1B2274161889,3.2483304,3.1672904,3.3481934,3.2451699,3.1643977,3.217324
1B7B007D6E1C,2.819657,2.7457612,2.9240487,2.8095546,2.7403321,2.779178
1B981E7E59C5,3.3485389,3.2535508,3.441171,3.3461585,3.269672,3.313394
1D327ADD95AA,3.3485394,3.253551,3.4411712,3.3461595,3.2696729,3.313395
1D944BF5BE87,3.3485394,3.253551,3.4411712,3.3461595,3.2696729,3.313395
1DE0E7C48DF0,2.8804219,2.7878163,2.9884458,2.8726265,2.7853343,2.8241532
1E2B10DC7A53,3.3449063,3.249078,3.437711,3.3424811,3.2640748,3.308326
1E4E4216EB39,3.327849,3.2351086,3.422689,3.3273988,3.2484138,3.2935195
1E6F7CF7470E,3.0449967,2.9435115,3.1340396,3.0362673,2.9543796,2.9894185
1EB4D8BFB732,3.3450074,3.2495415,3.4371402,3.3417091,3.2658894,3.3088295
1F217579A773,3.3438885,3.2489686,3.4368234,3.3417182,3.265021,3.3086174
1F4961D46D29,3.3485394,3.2535508,3.4411712,3.3461595,3.2696729,3.313395
1FACF7E8D0A7,3.1648245,3.0757976,3.255796,3.1561418,3.080459,3.1218815
2003BF2E6DD0,3.200257,3.1024563,3.2924035,3.1993763,3.1104786,3.1571567
200671752EE0,3.3485394,3.253551,3.4411712,3.3461595,3.2696729,3.313395
20A42E81AC2B,2.57299,2.4995618,2.6890182,2.5586476,2.4699116,2.5179696
20CF9410DC4A,3.3479717,3.2529457,3.4406211,3.345591,3.2691314,3.3127868
211699D25472,3.159031,3.0653138,3.2602482,3.1522908,3.082088,3.115675
21535555126A,3.1978047,3.1003318,3.2947297,3.1879373,3.1227582,3.153396
21737947650E,3.3445644,3.250193,3.4376159,3.3425434,3.2655673,3.3096237
2175BC2F7C2C,3.3485394,3.253551,3.4411712,3.3461595,3.2696729,3.313395
222D14189E1F,2.9087741,2.8375907,3.0301573,2.8996289,2.8181026,2.8707416
2299FA736E92,3.3485394,3.253551,3.4411712,3.3461595,3.2696729,3.313395
2358C2CE9966,2.557426,2.4842906,2.6723208,2.542794,2.4551134,2.5026252
239A72DE1E35,3.0603604,2.9599605,3.1573746,3.0521863,2.97308,3.0074928
24050FFA49AE,2.9531872,2.8550568,3.0601077,2.939623,2.85527,2.8907604
248407B5DBB2,3.3485382,3.25355,3.4411702,3.3461583,3.2696712,3.3133938
24C508ED6FE2,3.3485394,3.253551,3.4411712,3.3461595,3.2696729,3.313395
24C654C85C1F,3.3476512,3.2525024,3.4401345,3.3449676,3.2686837,3.312181
253B2D521F14,3.3485394,3.253551,3.4411712,3.3461595,3.2696729,3.313395
2568B64DB374,3.2415664,3.161464,3.3426423,3.2403648,3.1584525,3.2112484
25FA30699A04,3.3485394,3.253551,3.4411712,3.3461595,3.2696729,3.313395
263A29FC4FB1,2.7327585,2.6611805,2.8494473,2.7161236,2.6387343,2.684035
263C2C01BC08,3.348536,3.2535484,3.4411683,3.3461564,3.2696693,3.313392
2675A97C2B76,3.1187778,3.041832,3.2172875,3.1047666,3.0318217,3.081641
26D32FF6313F,3.34203,3.245639,3.4349313,3.339576,3.259872,3.304488
279245CFCCF4,3.0905967,2.9949074,3.189937,3.0778406,3.0105197,3.0390208
27E725D251A8,3.1768494,3.0771904,3.2715003,3.1625564,3.1003726,3.1273816
286FE6743E88,2.49169,2.4212036,2.6052246,2.4850738,2.3950946,2.4448736
29B364A33B4E,2.4916902,2.4212036,2.6052246,2.4850738,2.3950946,2.4448736
29FCF6DFFFFC,3.195676,3.0981984,3.2926133,3.1856802,3.1206467,3.1511068
2A7997AE8E72,3.3253891,3.2303452,3.4192824,3.3232841,3.2468064,3.2893052
2ACFD4F32565,2.7853997,2.7037513,2.8871536,2.7653172,2.691522,2.7304225
2B66CE2870AD,3.3485394,3.253551,3.4411712,3.3461595,3.2696729,3.313395
2BAFBD6D9755,2.581636,2.507825,2.6978545,2.5665212,2.477738,2.5256996
2BE976C99FDF,3.3478801,3.252853,3.4405353,3.3455029,3.2690425,3.3126922
2C4DE9FD3734,3.3485382,3.253549,3.4411697,3.3461578,3.269671,3.313393
2C76B87A843F,3.3485394,3.253551,3.4411712,3.3461595,3.2696729,3.313395
2C7750B811F3,2.8128712,2.7380562,2.9232905,2.7994132,2.71931,2.764506
2C9EA803FF3A,3.1954231,3.0979767,3.2923858,3.1854553,3.1203923,3.150868
2CDDE76979DD,3.3483434,3.2533886,3.4409962,3.3459797,3.2694695,3.3132095
2D3E794C5206,3.1758661,3.0830455,3.2748997,3.1665845,3.0995853,3.1330295
2D508127DEF1,3.3485312,3.2535446,3.441164,3.3461514,3.2696636,3.3133874
2E043F67934C,3.347921,3.2528427,3.4404564,3.345361,3.2690163,3.3125846
2E6495FC2C72,2.5816104,2.5078025,2.6978257,2.5665038,2.4777215,2.5256834
2E8C8C439D36,2.8010287,2.7239997,2.9214447,2.7919118,2.697348,2.7518957
2EC0647293F6,2.9188552,2.8243604,3.0294776,2.9136581,2.821943,2.8644059
2F10C8035FEA,3.051322,2.9804406,3.1671562,3.0479417,2.9563496,3.0191684
2F7B0CE01B4B,3.3485394,3.253551,3.4411712,3.3461595,3.2696729,3.313395
3012637E06B5,3.3212256,3.2232547,3.4135659,3.3164787,3.239587,3.280861
305EFA6DBBBF,3.3485394,3.253551,3.4411712,3.3461595,3.2696729,3.313395
307D618AF467,3.3484654,3.2534661,3.441087,3.3460631,3.2695909,3.3132973
30A7E68EFC88,3.3485355,3.253547,3.4411674,3.3461552,3.2696686,3.3133903
30B9B18CCCC2,3.0554671,2.956196,3.1464753,3.0398488,2.9781451,3.001412
31490B1FA765,3.0437596,2.9528306,3.1553369,3.0372624,2.9583602,2.9977913
31D67F9A82BA,3.3316846,3.2361915,3.425542,3.3301024,3.2490635,3.294267
323F5DADC975,2.584998,2.5109012,2.7010624,2.5699773,2.481158,2.5289557
325B2F7BB3B1,2.8609982,2.790266,2.9742305,2.8516235,2.762321,2.8193202
327F36243259,3.3485394,3.2535508,3.4411712,3.3461595,3.2696724,3.313395
331D60E145C4,3.3483825,3.2534142,3.441031,3.3460202,3.2695136,3.3132465
33CC5A37AC8C,3.1636763,3.0740447,3.272187,3.1640103,3.0754921,3.1252098
3418CB8125B3,3.347854,3.252884,3.4404972,3.345449,3.2689552,3.3126519
343A80DD6FB3,3.3474898,3.2524285,3.4401538,3.3451066,3.2686734,3.3122687
346D75CE413A,3.189546,3.1008334,3.2967772,3.1902447,3.100554,3.1523318
34E4FB64EEBA,2.58171,2.507897,2.697929,2.5665917,2.4778113,2.5257716
3550660EE2EC,3.037408,2.9465165,3.1492333,3.0307298,2.9519937,2.9911754
3564BBEC4A09,3.3485394,3.2535508,3.4411712,3.3461595,3.2696724,3.313395
35954693FE8E,3.3485394,3.2535508,3.4411712,3.3461595,3.2696724,3.313395
35A7E263AC71,3.2074223,3.1099758,3.3042712,3.198137,3.1322758,3.1637182
35C5C7E2BB5E,3.257888,3.1584258,3.3506331,3.2563465,3.1652682,3.2134023
35D43561EE62,3.3455577,3.2509456,3.4385085,3.343515,3.2666473,3.310575
35D983476332,2.5816357,2.5078247,2.6978545,2.5665212,2.477738,2.5256996
36035C063AB3,3.3485394,3.253551,3.4411712,3.3461595,3.2696729,3.313395
363295DC545F,3.3270473,3.230989,3.4204583,3.3242326,3.2490654,3.290525
36677FE57D6B,3.2624404,3.1727655,3.3631828,3.2636871,3.1792655,3.2272315
36BBFBB5EA41,3.3485267,3.2535393,3.4411597,3.346148,3.2696595,3.3133826
3816B67C0B31,3.3485394,3.253551,3.4411712,3.3461595,3.2696729,3.313395
3898358B58BB,3.3376052,3.2439036,3.431408,3.336357,3.2585094,3.3029754
3904D0B954A3,3.3317761,3.2345147,3.4225488,3.3256657,3.2508118,3.2918105
392BCD798D37,2.6121292,2.5384455,2.7248783,2.597196,2.5112622,2.5571709
394F5867B7EC,3.3485394,3.253551,3.4411712,3.3461595,3.2696729,3.313395
39776B3A4C70,3.0283875,2.951042,3.135055,3.0128415,2.947185,2.989046
39929B24673E,2.581636,2.5078251,2.6978545,2.5665212,2.4777381,2.5256996
3A2DBB1E0556,2.9836898,2.9025028,3.0947948,2.986238,2.88211,2.9426327
3ADC97CB1DB6,3.3485394,3.253551,3.4411712,3.3461595,3.2696729,3.313395
3B851F58BCDC,2.6598444,2.5819378,2.75803,2.6505835,2.5738325,2.61449
3B8E36166444,2.5923922,2.5181918,2.7086284,2.5767744,2.4883018,2.53611
3BE469553D75,3.34847,3.253479,3.4411044,3.3460898,3.2696052,3.3133214
3BFECA0F8470,2.8499837,2.7527604,2.9483864,2.8397644,2.7566102,2.788224
3C2AFBFEDA6B,3.3485394,3.253551,3.4411712,3.3461595,3.2696729,3.313395
3CD660D1E7BB,3.3485394,3.253551,3.4411712,3.3461595,3.2696729,3.313395
3CED6DDF77BE,3.3484998,3.2535179,3.441135,3.3461204,3.26963,3.3133557
3DB503D247B3,3.3481185,3.2531917,3.4407878,3.345763,3.269217,3.3129776
3DC3405DF531,2.7592235,2.6872516,2.878346,2.7506146,2.660789,2.714213
3E4B70F8555C,2.9682984,2.8729866,3.0775952,2.958178,2.8704545,2.9114723
3E500A5390C1,2.5809276,2.5071487,2.6971312,2.5658765,2.477099,2.5250676
3E750EB9F5C5,2.8239408,2.7360873,2.9258766,2.8188932,2.7417169,2.7755167
3E9A664FFD33,3.3485394,3.253551,3.4411712,3.3461595,3.2696729,3.313395
3EA2BA9DAB33,2.7803032,2.7073302,2.8971875,2.7707877,2.6827862,2.7346604
3EEB66F3630C,2.5231328,2.4516845,2.6377912,2.513453,2.4242692,2.4732547
3EEEF86719CD,3.348048,3.2529693,3.4405968,3.3454978,3.2691245,3.3127213
3F1E511E2E1E,3.3419151,3.2477207,3.4352543,3.3402488,3.2629082,3.3070877
3F1ED9A56002,3.3485386,3.25355,3.4411705,3.3461585,3.2696717,3.3133938
3F30E7FDE6F1,3.2222915,3.1227748,3.31931,3.2200408,3.132093,3.1759613
3F3DC123EDF6,2.8803706,2.7880945,2.992312,2.8754756,2.7839394,2.8266673
3F645E7A81DB,2.5816376,2.5078268,2.6978564,2.566523,2.4777398,2.5257015
40AA29D2F32B,2.7328403,2.6616094,2.849538,2.7161613,2.6394458,2.684603
40C0290A53F1,2.5897832,2.5155854,2.7059443,2.5745053,2.4853067,2.5335202
40E6BC53EC01,3.3485389,3.2535508,3.441171,3.346159,3.2696724,3.313394
410E1DE75773,3.3485198,3.2535331,3.4411538,3.3461418,3.2696526,3.313376
4228BAB7F096,2.575646,2.5021007,2.6917334,2.5610652,2.4723194,2.5203452
424005E31A04,3.050303,2.9601064,3.151912,3.0456119,2.9587436,3.0040069
451E8369BB76,2.4917483,2.4212604,2.6052852,2.485126,2.3951488,2.444926
45291197F292,3.3485394,3.253551,3.4411712,3.3461595,3.2696729,3.313395
453F18C3C8BD,2.5816352,2.5078244,2.6978543,2.566521,2.477738,2.5256991
45697CF2448C,2.581639,2.5078282,2.697858,2.5665245,2.4777415,2.525703
457A4416559B,2.5266314,2.4554691,2.6399312,2.5176582,2.429186,2.4777093
4585DE769AE9,3.051286,2.9525762,3.1427906,3.0361633,2.9738834,2.9974637
45E5B6DE09E9,3.3485394,3.2535508,3.4411712,3.3461595,3.2696729,3.313395
45E9622CF8F7,3.1957355,3.0982575,3.2926717,3.1857429,3.1207073,3.1511714
4608287E9B30,2.8929455,2.798414,2.9991639,2.8803744,2.8011537,2.8341794
462769ABDD5B,2.945116,2.854641,3.0314407,2.9472687,2.8580906,2.9032645
46302B93EF09,3.3483758,3.2533755,3.4410121,3.345995,3.2695167,3.313219
46484B622DF0,3.2909653,3.200824,3.3896377,3.2924066,3.2095764,3.2569847
46AD88A6F157,3.3485394,3.253551,3.4411712,3.3461595,3.2696724,3.313395
46E550A148DF,2.5833805,2.5094922,2.6995919,2.5682113,2.4793944,2.5273788
47470951BBDB,2.569614,2.4921193,2.6800427,2.5642858,2.473472,2.519043
47DD29AF666C,2.5841215,2.5103173,2.700327,2.5691574,2.4802017,2.5283723
480C577BC8C9,3.2710392,3.1816196,3.371572,3.2728882,3.1883147,3.236692
48292985CC59,3.0564418,2.9785485,3.1548772,3.0422528,2.970571,3.0169342
48837626943D,3.191093,3.093554,3.2879646,3.1807013,3.1157575,3.1458964
495A94390744,3.3485394,3.253551,3.4411712,3.3461595,3.2696724,3.313395
49605B65EA8D,2.5776215,2.5039897,2.693753,2.5628648,2.4741092,2.5221124
49E375E8CA7B,3.2340329,3.145686,3.3380551,3.2360272,3.1484878,3.1989913
4A4B45273A9D,2.581636,2.5078251,2.6978545,2.5665212,2.4777381,2.5256996
4BA9296EBE9F,3.3483155,3.2533803,3.4409719,3.345946,3.2694325,3.3131835
4C0ECF107EC5,2.5815473,2.5077405,2.697764,2.5664406,2.4776578,2.5256207
4C60445C5681,3.3460097,3.2513847,3.4389122,3.3438919,3.2670884,3.3110058
4CFAF19AF547,3.3337731,3.2379715,3.4269218,3.3311603,3.2555394,3.2976499
4DAACF629E7F,2.9163003,2.8423011,3.0363958,2.9072244,2.8260984,2.8758538
4E1C62576A76,3.1864638,3.0934083,3.283071,3.1809535,3.1002185,3.14146
4E29345CF8A9,2.901891,2.820217,3.009658,2.894144,2.809989,2.8550053
4E443B00DBFA,3.1892219,3.0903313,3.286428,3.179156,3.1108747,3.1422446
4E59508F6D0B,3.005238,2.9085994,3.0936077,2.9980032,2.9339008,2.9602914
4F6A4668D513,3.3312309,3.2381783,3.4257164,3.3305287,3.2519257,3.296817
4FA6CCB0D1BA,2.5183005,2.443644,2.627809,2.4956067,2.414102,2.4565296
4FE6EABBFC00,3.3466973,3.2513535,3.439117,3.3438344,3.2674317,3.310861
4FFF2AD2EAE8,3.1971211,3.0994763,3.2892876,3.1963031,3.1075845,3.1541538
50419253BA19,3.3485389,3.2535508,3.441171,3.3461585,3.269672,3.313394
5056C7637313,3.3485394,3.253551,3.4411712,3.3461595,3.2696729,3.313395
5098F28A2EF3,3.3485389,3.2535508,3.4411712,3.346159,3.2696724,3.3133945
50E361CD561E,3.3472087,3.252391,3.4399834,3.3449821,3.2683246,3.3121388
51C93A7260DE,3.3485394,3.2535508,3.4411712,3.346159,3.2696724,3.3133945
51DD6A82BD9D,2.5784328,2.5047216,2.6943336,2.5639648,2.4754384,2.5233152
524CD617574D,3.0373597,2.9464724,3.149196,3.030689,2.9519415,2.9911346
526E417A97BD,3.3485394,3.2535508,3.4411712,3.3461595,3.2696724,3.3133945
52DC3B7C3952,3.3485394,3.253551,3.4411712,3.3461595,3.2696729,3.313395
52F0677ACD21,3.3485374,3.253549,3.4411697,3.3461576,3.2696705,3.313393
52FEF34F4AC7,3.3485374,3.253549,3.4411697,3.3461578,3.269671,3.313393
5384378F1AC2,3.3474927,3.2523754,3.4401646,3.3451066,3.2684815,3.312162
53E542321463,3.348391,3.2533963,3.441026,3.3460069,3.2695267,3.3132339
559902F0A513,2.7330813,2.6619256,2.8497658,2.7164042,2.639851,2.6849666
55C7EC027A88,3.3485394,3.253551,3.4411712,3.3461595,3.2696729,3.313395
5666CD4AA5CD,3.0065036,2.9140608,3.1147814,3.008175,2.9078343,2.9598963
56AC4BE71C2F,3.2395153,3.140228,3.3361106,3.2331383,3.1580558,3.1949933
56E32CEEB127,3.1346939,3.0467975,3.2370574,3.1266809,3.057188,3.0933585
57E8161AEF27,3.3485386,3.25355,3.4411705,3.3461585,3.269672,3.313394
57ED5BC70E40,3.3484592,3.2534795,3.4410973,3.346086,3.2695923,3.313317
5807D5F42CEB,3.3485394,3.253551,3.4411712,3.3461595,3.2696729,3.313395
58255BF759C0,3.3485394,3.2535508,3.4411712,3.3461595,3.2696729,3.313395
583DC3D2E7FC,3.3485394,3.253551,3.4411712,3.3461595,3.2696729,3.313395
584C6453CA5A,2.6697228,2.5915425,2.7829957,2.6556726,2.5674644,2.6130278
588B09153941,2.6779902,2.5913098,2.7851746,2.6712825,2.5817215,2.6216152
58E485E875D5,3.348538,3.253549,3.4411697,3.3461578,3.2696712,3.3133934
58EBDB3621E5,3.3485394,3.253551,3.4411712,3.3461595,3.2696729,3.313395
5902C2E86345,3.3485348,3.2535453,3.4411654,3.3461528,3.2696674,3.3133883
591B7E3E2B40,2.7665193,2.692374,2.8812385,2.7513194,2.6742833,2.7175057
5985EA6F171A,2.595901,2.5209262,2.711256,2.5814483,2.4924836,2.5396729
5B0E80E62A8C,3.3483796,3.2533813,3.4410167,3.3459992,3.2695174,3.3132234
5B14D81A0167,3.1962776,3.0988069,3.2932153,3.1863246,3.1212432,3.1517596
5B2FC963E89D,3.3485394,3.253551,3.4411712,3.3461595,3.2696729,3.313395
5BE99F2E4030,3.3485394,3.253551,3.4411712,3.3461595,3.2696729,3.313395
5C05D79FE75A,3.1932557,3.1176896,3.296101,3.1870327,3.1071746,3.1638222
5CAA840DD4C6,3.3485215,3.2535355,3.4411552,3.3461432,3.2696545,3.3133779
5CF895003869,2.8972614,2.8045764,3.003172,2.8849626,2.8095453,2.841546
5D742A0E0623,2.9843814,2.9138577,3.0995305,2.9748797,2.8873482,2.9471412
5DEDECE96044,2.937578,2.8437996,3.0438728,2.9237225,2.8494122,2.8811197
5EA0A8768F94,3.3485184,3.2535274,3.4411492,3.3461354,3.2696514,3.3133698
5EB7A0B134B4,2.5670948,2.4939601,2.68282,2.5535188,2.4650834,2.513131
5EE526AB840B,3.0745919,2.9820154,3.1815524,3.076426,2.9724867,3.02872
5F370D929BA7,2.8535564,2.75611,2.9596941,2.8411894,2.7539387,2.7894588
5F467A8F3896,3.1958797,3.0984085,3.2928176,3.1858985,3.1208482,3.15133
5F5E1817CCA0,3.3309999,3.2379158,3.425485,3.3302886,3.251714,3.296559
5F88187C25B8,2.581635,2.5078244,2.6978538,2.5665207,2.4777374,2.5256991
5FC620AEDC8B,2.944142,2.8484352,3.0555918,2.9380035,2.8451278,2.8884454
5FEB3F213A84,3.348537,3.2535477,3.441169,3.3461566,3.269669,3.3133914
605DDF3EA948,3.3485394,3.253551,3.4411712,3.3461595,3.2696729,3.313395
60FD2E2FB768,3.3485394,3.253551,3.4411712,3.3461595,3.2696729,3.313395
615FAEE4F8EF,3.3485394,3.253551,3.4411712,3.3461595,3.2696729,3.313395
61B9D7E74839,3.3175106,3.2211564,3.4112923,3.314331,3.2398567,3.2804363
62243789233B,3.3485394,3.253551,3.4411712,3.3461595,3.2696729,3.313395
62E5030D1A59,3.3485394,3.2535508,3.4411712,3.346159,3.2696724,3.3133945
62F578BA97ED,2.9594102,2.8643913,3.0714042,2.9530425,2.8601322,2.903859
63AB55DADABF,3.3485394,3.253551,3.4411712,3.3461595,3.2696729,3.313395
63BAE4B3ADDA,3.1111584,3.0254002,3.2132497,3.0989213,3.0321755,3.0693533
64EB91C84A32,3.3216145,3.2253792,3.4152408,3.3186061,3.2438216,3.284779
6515E6AFD11E,3.3485394,3.2535508,3.4411712,3.3461595,3.2696724,3.313395
653620381DB3,3.3484015,3.2534077,3.4410393,3.346024,3.26954,3.31325
654DF9ECDD42,2.8446438,2.7707334,2.96539,2.8294654,2.7466776,2.7972627
65B7FDE783F2,2.3960626,2.3240485,2.4995997,2.377936,2.2983758,2.3390949
65DBDD75CA50,2.5811224,2.5073066,2.6972725,2.5659285,2.4772236,2.525137
66133AC6189A,2.995046,2.9021072,3.094239,2.9830117,2.9136348,2.941908
66F03584BCA5,3.2986279,3.198703,3.3914254,3.2962132,3.2072842,3.2547214
676A161C4CEE,3.3467834,3.2520745,3.4395146,3.344358,3.2677855,3.3116055
67F6FEDD7677,2.4916978,2.4212112,2.6052327,2.485081,2.395102,2.4448807
68256AC96C72,3.3485394,3.253551,3.4411712,3.3461595,3.2696729,3.313395
6A47B80F3283,3.0461688,2.9570575,3.1575284,3.0403473,2.961295,3.0009007
6A4F483B0224,3.2150865,3.1176863,3.3118637,3.2062955,3.1398396,3.171945
6A977849DE08,3.3469596,3.2517838,3.4395008,3.344336,3.2680538,3.311493
6AB122D640E1,3.3317246,3.233834,3.4247875,3.3292122,3.245905,3.2915852
6B2FD789B8C8,3.3485394,3.253551,3.4411712,3.3461595,3.2696729,3.313395
6B3B3CB54EB9,2.5975587,2.5221574,2.7128506,2.5832057,2.4940376,2.541087
6B479AF72202,3.0723205,2.9709275,3.1687195,3.063338,2.9847531,3.0188756
6BB4BEB51A80,3.3477407,3.2529461,3.4404597,3.3453987,3.2688205,3.3126462
6BDF73E50719,2.5816357,2.507825,2.6978545,2.5665212,2.477738,2.5256996
6C045F130B28,3.2078106,3.110366,3.3046563,3.1985495,3.1326597,3.164135
6C449C1EDB2D,3.3485394,3.2535508,3.4411712,3.3461595,3.2696729,3.313395
6C991A1A6C39,2.581632,2.507821,2.6978505,2.566517,2.4777343,2.5256956
6E70CECCE25D,3.037651,2.9462543,3.149418,3.0310495,2.9511814,2.9906185
6F9741277AB3,3.1372619,3.0343711,3.233888,3.1266446,3.0489728,3.0828986
7101C080C12C,2.7353458,2.6626,2.8522995,2.7181914,2.6389651,2.684747
7138786DA45C,2.7227051,2.6506445,2.8448472,2.7131953,2.621034,2.6762185
71A9098715EB,3.2078614,3.110972,3.2945895,3.1998518,3.1264791,3.1630535
71BA665B1B31,2.9933805,2.8928123,3.082585,2.985434,2.903393,2.9377143
7203112033A1,3.0373383,2.9464307,3.1491761,3.0306714,2.9518726,2.9910793
7270750C775E,3.1508083,3.0614114,3.2545428,3.147826,3.0593858,3.1067128
72766FE38307,2.4802938,2.4095955,2.5917325,2.4715705,2.383758,2.432072
728AD690E87F,3.3485394,3.2535508,3.4411712,3.3461595,3.2696724,3.3133945
73038C17880E,3.3485312,3.2535424,3.4411635,3.3461514,3.2696648,3.3133862
736B285BF88B,2.4927373,2.4222233,2.606317,2.4860158,2.3960671,2.4458191
7373B4F44528,3.3485394,3.253551,3.4411712,3.3461595,3.2696729,3.313395
738112C600B8,3.043731,2.9500575,3.1490216,3.0321717,2.959325,2.991885
73D2B941F40F,3.3485394,3.253551,3.4411712,3.3461595,3.2696729,3.313395
73D5C8D99F72,3.069884,2.9698505,3.1686344,3.061826,2.9801693,3.0157971
73D69658CF95,3.348538,3.253549,3.4411697,3.3461578,3.2696712,3.313393
747E3560442E,3.0318522,2.9337833,3.1299744,3.0248945,2.945006,2.979805
750184492A96,3.3485394,3.253551,3.4411712,3.3461595,3.2696729,3.313395
7545AC12D178,2.491733,2.4212456,2.60527,2.4851127,2.3951344,2.4449127
75B44E3CE6DD,3.3485394,3.253551,3.4411712,3.3461595,3.2696729,3.313395
76C2E20AF20E,3.348267,3.2532592,3.440907,3.3458858,3.269413,3.313102
77BB33DB5187,2.5814052,2.5076046,2.697619,2.5663111,2.47753,2.5254936
78303F7A5AB0,3.348475,3.2534947,3.4411137,3.3461022,3.269607,3.313334
7921F1381801,3.2827442,3.1918201,3.381518,3.2839572,3.2020028,3.2480323
7999A063F80E,3.348538,3.2535496,3.4411697,3.3461578,3.269671,3.3133934
7A66900A3812,2.4917793,2.4212875,2.6053123,2.4851632,2.3951812,2.4449592
7A68E1FB7863,3.3485374,3.2535484,3.441169,3.3461566,3.2696705,3.3133922
7AC357DAA5D7,3.315967,3.2261677,3.4118657,3.3155944,3.235798,3.2825089
7B0C76128726,3.3484604,3.2534802,3.4411,3.346088,3.2695935,3.313319
7BBB35F9D1BD,2.911435,2.8188424,3.0168674,2.8998377,2.8241405,2.8566031
7BC73C8FBDBC,3.3485394,3.253551,3.4411712,3.3461595,3.2696729,3.313395
7C4960DF5CB8,3.0900707,2.9987016,3.1919808,3.083831,2.9981697,3.04305
7C54D7484145,2.581649,2.5078378,2.6978679,2.5665345,2.4777503,2.5257125
7C5E4E2779BF,3.1707191,3.081324,3.278953,3.171297,3.0822747,3.1326592
7C6ED140EF65,3.1383395,3.0458283,3.241528,3.1323824,3.0606198,3.0951076
7CAFF57E1775,3.3480911,3.253212,3.4407723,3.345733,3.2691944,3.3129745
7DDFB0CA2BF8,2.5816696,2.5078592,2.697886,2.5665562,2.4777749,2.525735
7E29ACA46157,3.3485382,3.25355,3.4411702,3.3461583,3.2696717,3.3133938
7E669FF93EB9,3.348536,3.2535477,3.4411683,3.346156,3.269669,3.3133914
7EEB8E9614C2,2.5864155,2.513432,2.7004058,2.5741816,2.4878173,2.534873
7FF6972B86C2,3.3485394,3.253551,3.4411712,3.3461595,3.2696729,3.313395
8042198ABB06,3.084125,2.993159,3.1920533,3.0783696,3.002477,3.0394752
80DB9AB00E74,3.3160737,3.223882,3.4118335,3.3159966,3.236227,3.281546
80E36876B2CB,3.3485394,3.253551,3.4411712,3.3461595,3.2696729,3.313395
81306D4B4CC1,3.1004071,3.0098011,3.2111664,3.0975277,3.0139823,3.0583942
814EE41F6FF3,3.295054,3.2000937,3.3907597,3.2930794,3.2168865,3.257999
81674F80999A,2.6551557,2.5738971,2.7670102,2.6432052,2.5533624,2.5966926
827D807512AB,2.7177968,2.6439042,2.8348973,2.7009873,2.6180487,2.664989
8369840DE791,2.733947,2.6612291,2.8505206,2.7174828,2.6384406,2.683903
840619A0CF0B,3.3482547,3.2532547,3.4408975,3.3458753,3.2693985,3.3130932
840D73A3804A,3.3482761,3.2532692,3.4409156,3.3458953,3.2694218,3.3131123
8415937CA4D9,3.3485394,3.253551,3.4411712,3.3461595,3.2696729,3.313395
856351253492,2.5957255,2.5214345,2.711989,2.5799322,2.4916687,2.5393758
85C54BD4D416,3.195643,3.0981715,3.2925823,3.1856475,3.120613,3.1510754
85F5FADDDC0E,3.3485394,3.253551,3.4411712,3.3461595,3.2696729,3.313395
869B37DA1D3E,2.8103156,2.7153645,2.9142356,2.8027935,2.7118096,2.7506542
86BB790A5875,3.3485394,3.253551,3.4411712,3.3461595,3.2696729,3.313395
86F87A96D2DB,3.2626023,3.164043,3.35842,3.2569256,3.1829329,3.2203922
87669696162F,2.599174,2.5246766,2.7153707,2.5834594,2.4946353,2.5426803
876CDA4D152D,3.3485394,3.2535508,3.4411712,3.346159,3.2696724,3.3133945
876DD6D022A9,3.3485394,3.253551,3.4411712,3.3461595,3.2696729,3.313395
87B7C44BBB7C,3.2617066,3.1645272,3.3574777,3.2556705,3.185609,3.2215226
88006889B561,3.3484836,3.253502,3.4411216,3.3461099,3.269616,3.3133423
882F6EC806E9,2.581637,2.5078263,2.6978562,2.5665226,2.4777393,2.525701
8836B8EFCE5A,3.1953728,3.1031075,3.2963765,3.1912687,3.1178637,3.1552854
883C1EF358F6,3.3356147,3.238319,3.4275494,3.3313255,3.2530067,3.2961242
88ECDCC89475,2.583362,2.5095763,2.6994545,2.5683122,2.4796169,2.5275102
88FCD4D35128,3.0335164,2.9625154,3.149345,3.0285182,2.9387345,3.0001588
88FD7FAAFA90,3.3485386,3.25355,3.4411705,3.3461585,3.2696717,3.3133938
89114CEF532E,3.3485394,3.253551,3.4411712,3.3461595,3.2696729,3.313395
89ADE1CC1BEC,3.3485394,3.253551,3.4411712,3.3461595,3.2696729,3.313395
8A4D99910F10,3.3485394,3.253551,3.4411712,3.3461595,3.2696729,3.313395
8A6FEEA6C0D3,3.3485394,3.253551,3.4411712,3.3461595,3.2696729,3.313395
8A7081C962D7,3.166315,3.0943866,3.2718253,3.162004,3.081563,3.1391988
8A970FA9C7C4,3.3485394,3.253551,3.4411712,3.3461595,3.2696729,3.313395
8BC2D4B87F27,3.3351052,3.2393703,3.4282067,3.332534,3.2568161,3.2990692
8CDBA4104C7E,3.3485394,3.253551,3.4411712,3.3461595,3.2696729,3.313395
8DD09D4FCD4F,3.3485394,3.253551,3.4411712,3.3461595,3.2696729,3.313395
8E53C7642922,3.3227894,3.226792,3.4164205,3.3198867,3.244884,3.2861106
8EF3D97E2310,3.3485394,3.253551,3.4411712,3.3461595,3.2696729,3.313395
8F1F5D0CEA06,2.756845,2.6844897,2.8732376,2.739594,2.6635263,2.7080054
8F3B39C509B9,3.3082325,3.2170265,3.405131,3.3089757,3.227864,3.2742035
8FD83605AA61,2.8942647,2.8011105,2.9955304,2.8911273,2.7922988,2.839834
8FF22F2804A3,3.2185397,3.1283145,3.3233292,3.2203803,3.1287599,3.180205
900D1E184F63,3.3485394,3.253551,3.4411712,3.3461595,3.2696724,3.313395
902341F8EB11,2.896862,2.8030474,3.0083177,2.891574,2.7997863,2.842399
90526CA48E47,3.3439298,3.249514,3.4370544,3.3420608,3.2649894,3.309028
90C81189C58D,3.3485394,3.253551,3.4411712,3.3461595,3.2696729,3.313395
90EBF38FCFBA,2.7545338,2.659308,2.8593287,2.744117,2.6569176,2.69142
916811E780BD,2.9061215,2.8224897,3.0075946,2.895971,2.8237555,2.8579478
924748264D34,3.3085105,3.211949,3.402658,3.3049545,3.231152,3.270951
925371DCF84D,2.6393447,2.5639281,2.7428505,2.6323295,2.550151,2.5927339
92F6C1E71237,2.9837089,2.8893318,3.091207,2.9699943,2.8955123,2.9284475
93BAA0D48EF3,3.0692906,2.9736233,3.1783156,3.0662274,2.9717944,3.0186386
93EF5F755313,2.5709934,2.4976082,2.686909,2.556946,2.4681983,2.5162473
960D7C072801,3.348521,3.253531,3.441153,3.3461406,3.2696548,3.3133748
9664D9C4C5F9,3.340042,3.2469373,3.4335155,3.3379416,3.2606645,3.3054166
96A7646236BF,3.347449,3.2527103,3.440199,3.3451245,3.268509,3.3123665
9702AD260172,3.3457572,3.251059,3.4386783,3.343671,3.2667556,3.3106842
97472A5E870A,3.1764855,3.0756023,3.2660584,3.1646702,3.0945656,3.1255853
97A0FFE91A3E,3.3481674,3.2532272,3.440839,3.3458304,3.269296,3.313044
985A32A20F03,3.0624502,2.9718003,3.1640866,3.0571723,2.9707541,3.0157566
997589EE26E6,2.5680728,2.494857,2.6839888,2.5541735,2.4654438,2.5135677
998DA357F910,3.1925018,3.0954373,3.289772,3.182835,3.1173916,3.1480834
99BA9BABB1A5,3.041448,2.9577308,3.1475081,3.0350776,2.9453387,2.9958885
9A24CB0724FE,3.3142757,3.219455,3.4064155,3.3099809,3.2345345,3.275956
9A879E8D266F,2.493031,2.4225092,2.6066234,2.48628,2.39634,2.4460843
9A93D940C694,3.200803,3.1033378,3.297708,3.1911166,3.125728,3.156617
9A9924C0CA97,3.3485093,3.2535198,3.4411426,3.34613,3.2696433,3.3133636
9B15B90564A3,3.2185097,3.1302724,3.3238316,3.2202542,3.1316864,3.182914
9BF717F45D68,3.195671,3.0981925,3.292607,3.1856742,3.1206431,3.1511016
9C6132E41DDE,3.3066392,3.2098289,3.4008994,3.3030682,3.2285004,3.268528
9C9C4EECA979,2.398463,2.3263848,2.5021024,2.3800933,2.3006036,2.3412604
9CB69011AE54,2.7396817,2.6593692,2.841118,2.7215683,2.6461887,2.685458
9CE077EDCC85,3.3481667,3.2531543,3.4408107,3.345787,3.269317,3.3129966
9D9B85A82575,2.5440066,2.4717774,2.6593215,2.5323174,2.4434407,2.4919822
9E478C982AD0,2.6464202,2.5724494,2.755509,2.633122,2.5496547,2.5941343
9E817DB62497,3.3485305,3.2535424,3.4411628,3.3461509,3.2696621,3.313385
9EB5AA842FEF,2.858462,2.7871926,2.9806104,2.8463748,2.7631757,2.8160915
9EBA120196BC,3.3480306,3.2530072,3.4406781,3.3456492,3.2691875,3.3128495
9EBCC1131B13,3.3485394,3.253551,3.4411712,3.3461595,3.2696729,3.313395
9EC4A16802BF,3.3485394,3.253551,3.4411712,3.3461595,3.2696729,3.313395
9F803521F9A6,2.5992491,2.5256033,2.7141318,2.584702,2.4968824,2.5441108
9FAA62801E13,2.566749,2.4936166,2.6825871,2.553033,2.4643319,2.5124626
A00A8837B25B,3.3485386,3.25355,3.4411705,3.3461583,3.2696712,3.3133934
A0BC5780C987,3.3485394,3.2535508,3.4411712,3.3461595,3.2696724,3.313395
A10E91E49973,3.348534,3.2535462,3.4411664,3.3461545,3.2696671,3.3133895
A1976FDEA9E2,3.204401,3.1046329,3.2983947,3.1915338,3.127339,3.1565273
A1C1C0FE3C7A,2.581509,2.507704,2.6977253,2.566406,2.4776237,2.5255866
A366CC7B0D05,3.3485394,3.253551,3.4411712,3.3461595,3.2696729,3.313395
A3E9A1C9917B,3.3485394,3.253551,3.4411712,3.3461595,3.2696729,3.313395
A42A8E5FA4CD,3.3485274,3.2535386,3.4411597,3.3461475,3.2696614,3.3133824
A484FD45778A,2.9118974,2.817719,3.0176232,2.9048324,2.8142366,2.85764
A4C46FEBBCC4,3.3054318,3.208879,3.3997326,3.3018136,3.2281468,3.2677581
A4CD4307D620,3.3314998,3.2356052,3.424736,3.3288238,3.2533536,3.2952397
A4F11F4A76AE,3.3485389,3.2535503,3.441171,3.346159,3.269672,3.3133945
A5056E812783,3.3479457,3.252954,3.4406104,3.3455873,3.2690957,3.312783
A526E6F199BB,2.59313,2.5194478,2.7084892,2.5784087,2.490237,2.5377276
A5567EF4C8EA,3.1956642,3.098184,3.2925992,3.1856647,3.1206355,3.151092
A5E9417DBC88,3.0363157,2.9452298,3.1479626,3.0292704,2.950777,2.9896884
A8BB150F53AB,3.3483245,3.2533212,3.440963,3.345944,3.2694678,3.3131642
A902D2DE1A8A,2.605627,2.5294137,2.7204547,2.591648,2.5023026,2.5488849
A91103F63B19,3.3432975,3.2495182,3.436472,3.3411243,3.2641037,3.308482
A9B3B0AEE38B,3.0344708,2.9442108,3.1465783,3.0278833,2.94881,2.9883385
A9DA6C8A9555,3.0231438,2.9302416,3.1257253,3.018042,2.9282253,2.9726615
AA2191D8D24E,3.1986878,3.101217,3.2956073,3.1888735,3.1236327,3.154345
AAE16C990870,3.3485394,3.2535508,3.4411712,3.3461595,3.2696724,3.313395
AB37B00A93F1,2.5768209,2.503226,2.6929317,2.5621395,2.4733891,2.5214014
ABD38929777A,2.581687,2.5078712,2.6979032,2.566575,2.4777904,2.5257492
ABFEE879153D,3.3485367,3.2535484,3.4411685,3.3461566,3.2696698,3.313392
AC692F322516,3.3485394,3.253551,3.4411712,3.3461595,3.2696729,3.313395
AC7AB280A93C,3.3485394,3.253551,3.4411712,3.3461595,3.2696729,3.313395
ACABA85B131B,3.3485246,3.2535396,3.4411583,3.3461452,3.2696571,3.3133812
AD72A536B54A,2.5528495,2.4803598,2.668225,2.5405574,2.4518418,2.5001767
AD730017246A,3.26894,3.1700542,3.356877,3.2590218,3.1878262,3.2234752
AD9CEE5A6FFF,3.3485332,3.2535453,3.441166,3.3461537,3.2696662,3.3133893
ADC42265FD32,2.8610873,2.7650464,2.964499,2.854808,2.7597668,2.8021145
AE178808D4FB,3.3485394,3.253551,3.4411712,3.3461595,3.2696729,3.313395
AE8A9585640A,2.5841951,2.5101726,2.7003016,2.569133,2.4803326,2.5281715
AEE8A576989C,2.4084125,2.3362505,2.5126941,2.3900387,2.3102574,2.351323
AF20176EB127,3.3477314,3.2526798,3.440389,3.3453488,3.2688808,3.3125153
AF6E7702012F,3.3485198,3.2535362,3.4411538,3.3461404,3.269652,3.3133767
AF8963C142A0,3.3485394,3.253551,3.4411712,3.3461595,3.2696729,3.313395
AFFCB27334C9,3.0235653,2.9421768,3.1363387,3.0177836,2.9392385,2.982228
B06DEBFFD2A8,3.3475556,3.2525985,3.4402535,3.3452249,3.2687016,3.3123996
B0D627CB7309,3.3485394,3.253551,3.4411712,3.3461595,3.2696729,3.313395
B0DFC5E93591,2.5717368,2.4981873,2.6873798,2.5567179,2.4684656,2.5161927
B1AFACE6704E,3.3485394,3.253551,3.4411712,3.3461595,3.2696729,3.313395
B1E8A95B0939,3.1767933,3.0777402,3.2696462,3.175179,3.0878575,3.1319652
B204869FA146,3.3485394,3.253551,3.4411712,3.3461595,3.2696729,3.313395
B261F438E0DA,3.3411293,3.245662,3.4339764,3.3386288,3.2625744,3.3054261
B279118BA2EC,2.4916873,2.421201,2.6052217,2.4850707,2.395092,2.4448705
B2919590BDB0,2.9798527,2.8838077,3.089784,2.9732392,2.882158,2.9241776
B2AD2177A42C,3.3485394,3.253551,3.4411712,3.3461595,3.2696729,3.313395
B2C32E74812E,3.3368459,3.2411609,3.428743,3.3326373,3.2571678,3.2994194
B2D03F892B0D,3.2368553,3.153069,3.3364189,3.2340145,3.154151,3.2027023
B32F41984B27,2.582077,2.5082707,2.6982725,2.56698,2.478206,2.526164
B3AAF502DFFE,3.3485394,3.253551,3.4411712,3.3461595,3.2696729,3.313395
B407B3F81C9F,3.3485374,3.2535496,3.4411697,3.3461576,3.2696705,3.3133934
B459B5B87707,3.3485394,3.2535508,3.4411712,3.3461595,3.2696724,3.313395
B46E31AA2653,3.3484368,3.2534611,3.4410794,3.346068,3.2695687,3.3132973
B49D86AC2062,3.1965542,3.0990746,3.2934768,3.1865935,3.1215057,3.1520345
B4B82E063D04,3.2357323,3.138385,3.3321419,3.2281528,3.160152,3.1939366
B4B8BEB77C2E,3.144307,3.062463,3.2477517,3.135805,3.0644438,3.1088605
B5106AB5C81C,2.4917612,2.4212747,2.605291,2.485146,2.3951647,2.4449494
B596C01C5E87,3.348507,3.2535229,3.4411423,3.3461308,3.26964,3.3133645
B5AA232A7261,2.5829349,2.5090759,2.6991532,2.5677578,2.4790199,2.5269558
B5FF33681C22,3.3473103,3.2524333,3.4400558,3.3450446,3.2684422,3.3122048
B68C62AB1515,3.3485394,3.253551,3.4411712,3.3461595,3.2696729,3.313395
B6ADED946A1A,2.775135,2.7038891,2.8842056,2.768574,2.6726289,2.731913
B7291A99BF2E,2.6603916,2.5683942,2.7631173,2.658438,2.5692806,2.606322
B7468C4DD17C,3.3485394,3.253551,3.4411712,3.3461595,3.2696729,3.313395
B7938A92A4F9,3.195343,3.0979373,3.2923203,3.1853766,3.1202903,3.1507955
B7F56382EF7D,3.3485394,3.253551,3.4411712,3.3461595,3.2696729,3.313395
B821E1D68BE7,3.057354,2.9681697,3.1586802,3.0531077,2.9664235,3.0116467
B84EF55EE7F0,3.3485394,3.253551,3.4411712,3.3461595,3.2696729,3.313395
B84FF4E3504F,3.3395133,3.2439792,3.432448,3.3370318,3.2610493,3.303749
B88EA53BC496,3.348529,3.2535415,3.441162,3.3461502,3.2696621,3.313385
B8961D64A158,3.3480887,3.252997,3.4407406,3.3456962,3.268992,3.3127658
B8EE6B6594BD,2.5202835,2.4499607,2.631501,2.5144064,2.426173,2.4746532
B950C326FB77,3.2356796,3.136846,3.3302178,3.2257056,3.158808,3.191169
B9DABCFD687D,3.3485394,3.2535508,3.4411712,3.3461595,3.2696724,3.3133945
BA0D3D6A8A94,3.3485394,3.253551,3.4411712,3.3461595,3.2696729,3.313395
BA57C427DB35,3.2714195,3.1766663,3.3695817,3.271997,3.1826644,3.23074
BA9DA5122C58,3.3485394,3.253551,3.4411712,3.3461595,3.2696729,3.313395
BAD99FB704BB,3.342933,3.2479415,3.435886,3.3407478,3.2642128,3.3076298
BB06ADBF1640,2.499703,2.4290175,2.6134906,2.4923413,2.4026196,2.4521744
BB5B58E098AB,3.227597,3.139293,3.3321679,3.2295144,3.1414897,3.1923099
BB87E18DA024,3.0579233,2.9585884,3.1489651,3.0421982,2.98056,3.0037906
BB8DBBD8C4AB,2.581636,2.507825,2.6978545,2.5665212,2.4777381,2.5256996
BCB9C4BF0092,2.848488,2.7732112,2.9598343,2.8386374,2.75526,2.8044648
BCF16DEB277E,3.3485394,3.253551,3.4411712,3.3461595,3.2696729,3.313395
BE4764F7BFF1,3.3485394,3.253551,3.4411712,3.3461595,3.2696729,3.313395
BEE04EB31D59,3.3485394,3.253551,3.4411712,3.3461595,3.2696729,3.313395
BEFA85A6134B,2.9342806,2.8520517,3.0405211,2.92346,2.8417313,2.887657
BEFC24511B26,3.2228367,3.1264172,3.3201795,3.2157898,3.1472125,3.1811092
BF01FFEF8CB3,3.329308,3.2327805,3.4217505,3.3252895,3.2505913,3.291654
BF0AF86DFDE1,3.3478928,3.252973,3.4405885,3.3455791,3.269022,3.3127754
BF21550BA5BF,3.2692916,3.1799686,3.3700058,3.271188,3.1865647,3.2350063
BF5E7CD37E4B,2.8268611,2.729945,2.9334066,2.8145666,2.7283309,2.7636473
BFAEA615906C,3.3485394,3.253551,3.4411712,3.3461595,3.2696729,3.313395
BFB53ACD3DD5,3.3407497,3.2459996,3.4340522,3.3388972,3.260758,3.3050823
BFE92DE70CA2,2.8114676,2.7145667,2.91775,2.7988875,2.712731,2.7475736
C09D3287E6AF,2.5817873,2.5079827,2.698002,2.5667007,2.4778993,2.525885
C15EC5707409,3.348534,3.2535443,3.441166,3.3461537,3.2696643,3.3133876
C1B4AB227617,2.5816371,2.5078263,2.6978562,2.5665228,2.4777393,2.525701
C1E9D98B3613,3.3485394,3.253551,3.4411712,3.3461595,3.2696729,3.313395
C277BE295A41,3.3485367,3.2535481,3.4411685,3.3461566,3.26967,3.313392
C3668997E921,3.3485324,3.2535439,3.4411647,3.346152,3.2696655,3.3133874
C37F09E24836,3.3485394,3.253551,3.4411712,3.3461595,3.2696729,3.313395
C41DFE052637,3.3485394,3.253551,3.4411712,3.3461595,3.2696729,3.313395
C4472C6DFE66,2.7313948,2.6379046,2.837334,2.7215524,2.6333127,2.6690557
C465964DA6D5,2.998831,2.9046218,3.0989265,2.9863105,2.9165769,2.944829
C49F716838E7,3.1733842,3.0881371,3.2824123,3.174714,3.0833263,3.137445
C4B53350B704,3.0135684,2.9261978,3.1269658,3.0065682,2.9262245,2.967399
C4CFCB3B7F13,2.6858337,2.6095424,2.80248,2.6692653,2.5802283,2.6289153
C57371A3E79F,3.3485394,3.2535508,3.4411712,3.3461595,3.2696724,3.313395
C5B351564A3F,2.49169,2.4212036,2.6052246,2.4850738,2.3950946,2.4448733
C5FF203DE2DE,2.6010437,2.5252826,2.716126,2.5868611,2.4976177,2.544454
C61946131A41,3.1911578,3.094241,3.2885773,3.1816628,3.116058,3.146827
C6DDE5F881C2,2.4892063,2.4143605,2.596088,2.467029,2.3866935,2.4275773
C7A28C7A3786,2.5806456,2.5068257,2.696734,2.5653815,2.476747,2.524617
C7E050E7D5F0,3.3485394,3.253551,3.4411712,3.3461595,3.2696729,3.313395
C82037D6072F,3.3485394,3.253551,3.4411712,3.3461595,3.2696729,3.313395
C858F547F2AD,3.3330784,3.2387424,3.4271705,3.3318992,3.252173,3.2971911
C865637A034A,3.3485394,3.253551,3.4411712,3.3461595,3.2696729,3.313395
C87D8E9C6248,3.0442364,2.9441028,3.1407075,3.0358028,2.9585407,2.9918466
C928D32FE5C5,3.3485394,3.253551,3.4411712,3.3461595,3.2696729,3.313395
C92C73888D49,3.2551255,3.1735997,3.3542905,3.251512,3.1728241,3.224549
C996AAF4ADF6,2.5808265,2.5070496,2.697023,2.5657735,2.4770026,2.524968
C9B9A8174D46,3.3477898,3.2527485,3.4404445,3.345407,3.2689586,3.3125901
C9E127E1B4E2,2.5816355,2.507825,2.6978545,2.5665212,2.477738,2.5256996
CA58CF3D8943,2.5816355,2.507825,2.6978545,2.5665212,2.477738,2.5256996
CA8DAD4BCC7A,3.3485394,3.253551,3.4411712,3.3461595,3.2696729,3.313395
CA966FF7F1E6,3.3485394,3.253551,3.4411712,3.3461595,3.2696729,3.313395
CAA2C4C4E79C,3.3343437,3.241043,3.4284947,3.3333614,3.255125,3.2998364
CAC2F2EE4C2D,2.5820944,2.508281,2.6982894,2.5669894,2.478213,2.5261674
CB7F46E1BDF6,3.3449745,3.2498374,3.437743,3.3425946,3.2662418,3.3096156
CB892FB55B59,3.3485394,3.253551,3.4411712,3.3461595,3.2696729,3.313395
CBF13C6D3FFC,3.2618973,3.1729507,3.3633971,3.263913,3.1785073,3.227565
CC0186CE98B3,2.49169,2.4212036,2.6052246,2.4850738,2.3950946,2.4448736
CCB13E22A439,2.5816357,2.5078244,2.6978543,2.566521,2.477738,2.5256991
CD81F6CCE819,3.3485394,3.253551,3.4411712,3.3461595,3.2696729,3.313395
CDABA09822C7,2.5789998,2.5051963,2.694796,2.5635533,2.4752069,2.5229077
CE214B0C2CB6,3.3485394,3.2535508,3.4411712,3.346159,3.2696724,3.3133945
CE246FE2471F,3.3314476,3.2399888,3.4256644,3.329471,3.2516427,3.2973564
CE43CDF8BAA4,3.3485394,3.253551,3.4411712,3.3461595,3.2696729,3.313395
CE54FF437FFC,2.747155,2.6740644,2.8630104,2.7312055,2.6534219,2.697875
CEC6870D564F,2.577582,2.5039513,2.6937118,2.562828,2.4740732,2.5220766
CEFC32741811,3.3485394,3.253551,3.4411712,3.3461595,3.2696729,3.313395
CF3DC2587708,3.3485386,3.25355,3.4411705,3.3461583,3.2696712,3.3133938
CF45352F8424,3.1718073,3.0823762,3.279883,3.1724343,3.083746,3.1337762
CF453C152FD5,3.2600555,3.1628642,3.3558743,3.2539248,3.1839952,3.2197742
CF961DD37C82,3.0492597,2.9590073,3.1508892,3.0445817,2.9577107,3.0029004
D001F6D3A0D0,3.3226147,3.2290928,3.4174142,3.321855,3.2436664,3.2876427
D0A218161D37,3.2079978,3.1106992,3.2952862,3.1997795,3.1267447,3.1625657
D10BBD82D66F,3.3485394,3.253551,3.4411712,3.3461595,3.2696729,3.313395
D14413B502FD,3.3485394,3.2535508,3.4411712,3.3461595,3.2696724,3.3133945
D1B9985EAF6C,3.3358982,3.2403684,3.4290032,3.3333657,3.2574382,3.299939
D1EB6E3F8A28,3.3485322,3.2535443,3.4411647,3.3461525,3.2696648,3.3133876
D203157DCBF0,3.3433602,3.2490125,3.4365468,3.3415513,3.264408,3.3084862
D25F59B6DC95,3.348024,3.2530937,3.4407077,3.3456988,3.2691536,3.3129032
D2EBEB5FDA90,2.9338706,2.8454297,3.037022,2.9230392,2.8497849,2.8816524
D30D6D7F3D39,2.9404447,2.848191,3.0537217,2.9344668,2.8403578,2.8857892
D4A38C52F57D,3.3485394,3.253551,3.4411712,3.3461595,3.2696729,3.313395
D5C7212A31FD,2.581636,2.5078251,2.6978545,2.5665212,2.4777381,2.5256996
D5C8C29F17D8,3.3038316,3.2129421,3.401194,3.3047853,3.2232177,3.2698486
D62F970B0DAE,3.3485024,3.2535186,3.441138,3.3461266,3.269635,3.3133597
D6407F1D3515,3.3485394,3.253551,3.4411712,3.3461595,3.2696729,3.313395
D669349412FB,2.5813382,2.5075407,2.6975505,2.5662503,2.4774692,2.5254338
D6B34BAFC908,3.1385884,3.0456223,3.2411666,3.1318967,3.0609686,3.0946927
D6CCEE56DA9D,2.7603047,2.6650176,2.8656359,2.7504642,2.6617675,2.697846
D752DF2541DD,3.3485394,3.253551,3.4411712,3.3461595,3.2696729,3.313395
D760EF65B80C,3.3485394,3.253551,3.4411712,3.3461595,3.2696729,3.313395
D77456B25F73,3.3347626,3.2389674,3.4278748,3.332175,3.2563546,3.2986217
D7766B98F761,3.3485394,3.253551,3.4411712,3.3461595,3.2696724,3.313395
D7817C171926,3.348537,3.2535484,3.4411685,3.3461564,3.26967,3.313392
D80ED2446C0E,3.34767,3.252793,3.4403949,3.3453908,3.2687924,3.3125744
D87F1B0CE93F,3.348535,3.253547,3.4411674,3.3461552,3.269668,3.3133903
D8D90E042134,3.3485394,3.2535508,3.4411712,3.3461595,3.2696729,3.313395
D93EC6A7E859,2.4908054,2.4202304,2.6040325,2.4835181,2.3940492,2.4434934
D95B78E39793,3.3485394,3.253551,3.4411712,3.3461595,3.2696729,3.313395
D9FA943B5453,3.3485355,3.2535477,3.4411678,3.346156,3.2696686,3.3133912
DA00F2B25B8C,3.0271373,2.9289615,3.1254497,3.0203357,2.9409537,2.9754417
DA1ABE125640,3.1290908,3.0355926,3.236592,3.130134,3.02665,3.083065
DA674E9EB26C,3.3485394,3.253551,3.4411712,3.3461595,3.2696729,3.313395
DA6899CADE97,3.3485324,3.253545,3.4411652,3.3461528,3.269666,3.313388
DA86BC9B9FB6,3.3485236,3.2535355,3.4411564,3.3461444,3.2696567,3.3133788
DA8E64EC1304,2.7891002,2.7106872,2.8954773,2.7756655,2.6925323,2.7373252
DACF12F21A7C,2.933532,2.842862,3.0398726,2.924188,2.8436189,2.8808312
DAD5BCDAB7DD,3.3485394,3.253551,3.4411712,3.3461595,3.2696729,3.313395
DAECE15EE507,2.7315247,2.660317,2.8475528,2.7142844,2.638239,2.6831565
DB621DB9A4C3,2.7416348,2.6597667,2.8398018,2.7325344,2.6526852,2.692987
DB80C6963DB7,3.3474631,3.2525964,3.4401958,3.3451831,3.2685769,3.3123565
DBDBF971510B,3.3485394,3.253551,3.4411712,3.3461595,3.2696729,3.313395
DBDE16551908,3.1881628,3.0996284,3.295751,3.18909,3.0989957,3.1512113
DC2E6750CDEC,3.348206,3.2531936,3.4408479,3.3458247,3.269355,3.3130367
DC6EDCFCFBC2,3.3485394,3.253551,3.4411712,3.3461595,3.2696729,3.313395
DCED139D2C03,2.7606041,2.664907,2.8658555,2.7494135,2.6623526,2.6968627
DD00E48BC258,3.347796,3.252786,3.440462,3.3454318,3.2689552,3.3126168
DE06A0AF7DEC,2.6277263,2.553793,2.7402868,2.6137483,2.5276206,2.5735145
DE20CFA52C1D,3.3485394,3.253551,3.4411712,3.3461595,3.2696729,3.313395
DEA1F417949A,3.325315,3.2268722,3.4184222,3.3228126,3.2379074,3.2841027
DEB7816C7CAF,2.4259663,2.3543358,2.5322576,2.4106898,2.3285851,2.3721747
DEC2349902F8,2.641921,2.5665138,2.7586849,2.6249614,2.5375023,2.5853367
DEC2A1A6A1CA,3.3485394,3.253551,3.4411712,3.3461595,3.2696729,3.313395
DF058CBE24A6,2.5816355,2.507825,2.6978545,2.5665212,2.477738,2.5256996
DF23B896A1C2,2.5832822,2.5094383,2.699411,2.5680995,2.4794335,2.5273187
E033F3B6B044,2.717612,2.643497,2.8373644,2.7047544,2.6144938,2.667395
E03B0AA78E40,3.3485394,3.253551,3.4411712,3.3461595,3.2696729,3.313395
E060D90D6CB9,3.3485394,3.2535508,3.4411712,3.346159,3.2696724,3.3133945
E083802BEB79,3.3485394,3.253551,3.4411712,3.3461595,3.2696729,3.313395
E08B2DFE266D,2.5935812,2.5198026,2.7097113,2.579188,2.489563,2.5385225
E0BABC4506D0,3.2773635,3.1877391,3.3773282,3.279119,3.1948905,3.243072
E0DF99CD1D9C,2.688776,2.619555,2.8028917,2.677835,2.6005476,2.6465173
E103955391AB,2.8037372,2.7085412,2.9078498,2.7925107,2.7070255,2.7409177
E110443F5184,3.24805,3.1484008,3.3402543,3.2462878,3.1557171,3.2034924
E17E9E75ECEB,3.3483741,3.253407,3.4410236,3.3460128,3.2695053,3.3132393
E19CE100743C,3.3485394,3.253551,3.4411712,3.3461595,3.2696729,3.313395
E1AE7FDD072F,3.3485394,3.253551,3.4411712,3.3461595,3.2696729,3.313395
E1B279EE81AE,2.8405182,2.7525272,2.9453778,2.8367796,2.7382627,2.78647
E1DB041DD77B,2.5837095,2.5097954,2.699915,2.5685537,2.479651,2.5276852
E20DE200FEA8,3.3485394,3.253551,3.4411712,3.3461595,3.2696729,3.313395
E21038BEF290,3.3472831,3.252456,3.4400494,3.3450482,3.2683997,3.3122094
E218D28DBF0E,3.1475644,3.0516047,3.2461128,3.1369832,3.0688498,3.0996852
E23EF596D2B8,3.0729878,2.9996908,3.186354,3.0710497,2.9850993,3.0411124
E25FE9E05F36,3.3485394,3.253551,3.4411712,3.3461595,3.2696729,3.313395
E263EB3FBC22,3.171196,3.0711124,3.2652454,3.1561115,3.094459,3.1207376
E28221F47AE3,2.5817297,2.5079103,2.697944,2.566619,2.477834,2.5257907
E282639E23F5,2.7457051,2.6503692,2.8511505,2.7349756,2.6473215,2.6821718
E2B6281D99BD,2.8721406,2.800676,2.9848747,2.8630118,2.768871,2.828854
E2D7273C427B,3.1657014,3.0760503,3.273878,3.1660938,3.078357,3.1272957
E2E3D86A8CF8,2.5479355,2.4755387,2.663327,2.5358155,2.4470239,2.4954581
E2FC55BF5005,3.3325481,3.2393692,3.4268913,3.3317363,3.253291,3.2980933
E312449DF480,3.3479996,3.253079,3.4406884,3.345681,3.269127,3.3128846
E31B2A06C28C,3.3485394,3.253551,3.4411712,3.3461595,3.2696729,3.313395
E4124757C2B0,3.3485394,3.2535508,3.4411712,3.3461595,3.2696724,3.313395
E4596B010B9B,3.3485389,3.2535503,3.441171,3.3461585,3.269672,3.3133945
E481AA5C2F0B,2.5129128,2.4417994,2.627271,2.5041907,2.4147694,2.4640121
E4DCBE75344D,3.3485394,3.253551,3.4411712,3.3461595,3.2696729,3.313395
E501D2D7FC83,2.8819177,2.7828403,2.987891,2.8680785,2.780517,2.816372
E508BAFC3BF9,2.7378092,2.6665769,2.8541996,2.7212734,2.6448722,2.6897938
E52C094A1DAA,3.3485394,3.253551,3.4411712,3.3461595,3.2696729,3.313395
E566F0D20F98,3.3485394,3.253551,3.4411712,3.3461595,3.2696729,3.313395
E587CBD5D1E4,2.9194365,2.8393974,3.038119,2.911312,2.8188193,2.8719165
E597A35FA323,2.4917123,2.4212255,2.6052482,2.485094,2.3951156,2.444894
E5C9AD14EB2D,2.5816216,2.5078118,2.6978405,2.5665088,2.4777255,2.5256872
E65D5A2616D2,3.3317413,3.2358596,3.4249694,3.3290753,3.2535846,3.2954974
E660157F81B4,3.1988425,3.101645,3.295972,3.189406,3.1237247,3.1547768
E71EFBE547CF,3.224643,3.126283,3.320052,3.2150192,3.1485305,3.180463
E738D8E24101,3.3484185,3.2534225,3.4410546,3.3460383,3.2695572,3.3132656
E7E6102C559E,2.8592682,2.7871222,2.9792175,2.84411,2.766962,2.8154316
E83134C87EFA,3.3485394,3.253551,3.4411712,3.3461595,3.2696729,3.313395
E83BE2C46D0D,3.3485394,3.253551,3.4411712,3.3461595,3.2696724,3.313395
E847B658E4DA,3.34735,3.2523563,3.4400477,3.3450127,3.2685158,3.3121693
E8485EFFC9A2,3.2537608,3.1565242,3.3497517,3.2472618,3.1778388,3.2131028
E853D5DD528D,3.0000842,2.9225967,3.1043773,2.9940755,2.9061882,2.9626422
E897534557AF,3.343736,3.249827,3.4368596,3.341545,3.2645802,3.3088768
E8DAB90C65F7,3.3485394,3.253551,3.4411712,3.3461595,3.2696729,3.313395
E91431653DE3,2.581614,2.5078042,2.6978326,2.5665014,2.4777184,2.52568
E91F2E8986B2,3.1841667,3.094503,3.2919445,3.185058,3.09213,3.145247
E96C123FAC95,2.5803325,2.506584,2.6965165,2.5653424,2.4765732,2.5245457
EA40087521CC,2.9318938,2.8387244,3.0368023,2.9191737,2.845223,2.8763313
EB8030177678,3.1975925,3.122821,3.3002343,3.1914582,3.1135209,3.1696057
ECA6E86705B6,3.2464595,3.166428,3.3461926,3.242393,3.163657,3.2165248
ECC9E84CD3D1,3.3485394,3.253551,3.4411712,3.3461595,3.2696724,3.313395
ECEE1FB05BDE,3.2062054,3.117968,3.3125305,3.2076764,3.118341,3.1701367
ED06CD30103F,3.2079742,3.111732,3.305751,3.2003467,3.1324906,3.1654696
ED35A1FF5ACC,3.319189,3.224643,3.4136062,3.317548,3.240684,3.2832942
ED74D2C2403B,2.7458375,2.6505134,2.8512866,2.7351222,2.6474507,2.6823223
ED9C6EDC5601,3.3485394,3.253551,3.4411712,3.3461595,3.2696729,3.313395
EDA0DCA3FC41,3.3485394,3.253551,3.4411712,3.3461595,3.2696729,3.313395
EDDAE2D4080B,2.5500994,2.477622,2.6655593,2.5378067,2.449017,2.4974234
EEDD6AC8DC5B,2.552343,2.4797816,2.667874,2.539874,2.4510832,2.4994617
EEE7731E8A57,2.7124372,2.6385312,2.8321257,2.6995604,2.6099446,2.6622303
EF36F9497E96,3.1027079,3.0098338,3.2102165,3.0965521,3.013944,3.0564835
EF8047505E53,3.3484912,3.2534993,3.4411247,3.3461108,3.2696266,3.313343
EFCC45260444,3.1956005,3.0981147,3.2925334,3.1855931,3.1205611,3.1510136
EFD563DFAC60,3.3485208,3.2535272,3.4411538,3.3461404,3.269643,3.3133683
F05D3802BC94,3.3485394,3.253551,3.4411712,3.3461595,3.2696729,3.313395
F06699DB73E0,2.585582,2.5115755,2.701776,2.5703886,2.4813807,2.5294788
F06D9612B900,3.3485394,3.253551,3.4411712,3.3461595,3.2696729,3.313395
F094225CAE4F,2.7162645,2.643426,2.8375823,2.7051702,2.6141894,2.668071
F0EECEC5C84B,3.0328991,2.9567542,3.1358154,3.0276475,2.9378326,2.997477
F11E6745A8DA,3.1122286,3.0135589,3.2133946,3.105167,3.02374,3.0602639
F1329DA98283,2.8732712,2.803907,2.995885,2.862216,2.782329,2.834639
F144EA4BE505,2.4894147,2.4175117,2.6002164,2.4752564,2.3903277,2.436348
F1596AB60E72,3.3485394,3.2535508,3.4411712,3.346159,3.2696729,3.313395
F1B1760AD63F,3.1031392,3.0087373,3.2084217,3.0973258,3.017423,3.0547326
F2029DDE1D2B,3.3470807,3.25213,3.4398105,3.34478,3.2682405,3.3119206
F22FE8D7FA16,3.182904,3.0838747,3.2782688,3.1698112,3.106804,3.134829
F2649F7F089F,2.491682,2.4211953,2.605215,2.4850624,2.395086,2.4448633
F2B390040C12,3.045032,2.9436154,3.1384518,3.034996,2.9581733,2.9903703
F2CB99D1FE9F,3.348428,3.2534537,3.4410717,3.346061,3.2695599,3.3132896
F39FFFB63840,2.6105752,2.5372498,2.7134018,2.6037202,2.5229118,2.566542
F3ACD9A99ADA,2.7765203,2.702637,2.8916411,2.7615097,2.6837006,2.7282627
F3E0762BFA43,3.3485394,3.2535508,3.4411712,3.3461595,3.2696724,3.313395
F3F4454A2E3B,3.111234,3.0326638,3.2144992,3.1046908,3.0132432,3.074197
F45967CEFA55,3.340253,3.246262,3.4337723,3.3387558,3.261229,3.3055172
F4BE7BB77A43,2.5063372,2.4354317,2.6204586,2.4982595,2.4086795,2.458086
F4F054797227,2.7401607,2.6597395,2.8414655,2.7217288,2.6466599,2.6858735
F50C9936F416,3.348535,3.2535472,3.4411674,3.3461552,3.269668,3.3133907
F57B95D17755,3.0297942,2.9540985,3.1377213,3.0156665,2.9492168,2.9929435
F5FAD709AAFC,2.5796173,2.5058968,2.6957922,2.5646825,2.4759145,2.523896
F5FF5E9E553C,3.3485367,3.2535484,3.4411685,3.3461566,3.2696698,3.313392
F610B3CBF3DF,3.3485394,3.253551,3.4411712,3.3461595,3.2696729,3.313395
F65622698950,2.9748025,2.8955092,3.0780048,2.953289,2.8918345,2.9288583
F66B2BAB7E4C,3.3485394,3.2535508,3.4411712,3.3461595,3.2696724,3.313395
F72B3EE2E414,3.0500398,2.9592922,3.1609254,3.0437992,2.96573,3.0044034
F73899060D94,3.3078747,3.2109191,3.4018555,3.3040264,3.2297962,3.2696095
F763D4DB9224,3.3484879,3.2535062,3.4411252,3.3461137,3.2696204,3.3133461
F771A9924D56,2.5744896,2.5009956,2.690551,2.5600133,2.4712722,2.519312
F7B478DB88ED,3.3485394,3.253551,3.4411712,3.3461595,3.2696729,3.313395
F7B5DF87EA1D,2.844169,2.770763,2.9483843,2.8366363,2.7426124,2.7995625
F85B1C875E6C,3.3485389,3.2535508,3.441171,3.346159,3.2696724,3.3133945
F869B38F3A89,2.5642998,2.4912515,2.6800942,2.5507865,2.46211,2.5102718
F87594F095B6,3.1818905,3.0922241,3.2881405,3.180396,3.0918524,3.1423943
F893E9ED1F0C,3.3420005,3.247811,3.4353328,3.3403308,3.2630184,3.3071892
F89738650EDF,3.3485394,3.253551,3.4411712,3.3461595,3.2696729,3.313395
F90A6181BBCA,3.3485394,3.253551,3.4411712,3.3461595,3.2696729,3.313395
F998E8BD71CF,3.195853,3.0986195,3.292977,3.1861935,3.1207702,3.1515346
F99CE431D554,2.8896,2.8205352,3.0017943,2.8806775,2.7924895,2.8507006
F9DDE725DB74,3.3481019,3.2530046,3.4407578,3.3457158,3.2689815,3.3127708
FA43581AD6D1,2.8905838,2.8130214,2.9925418,2.870874,2.8077292,2.8442364
FA63EE28501A,3.3484828,3.253486,3.441117,3.3461025,3.2696006,3.3133245
FABE0E966789,3.3485382,3.2535496,3.4411705,3.3461578,3.2696717,3.3133934
FAF2897C9B65,3.2166352,3.1193948,3.3134918,3.208137,3.1413074,3.173726
FBB5F20E7554,2.7457664,2.650428,2.851212,2.735033,2.6473835,2.6822314
FBE180CF324E,3.3478813,3.2528465,3.4405332,3.345499,3.269046,3.3126884
FC2050EA9039,3.197841,3.100422,3.2948022,3.1880336,3.1227794,3.1534798
FC7F226294EE,3.2915807,3.2007294,3.3897538,3.2926552,3.2107406,3.2571297
FCD0FB7FE622,2.5815663,2.5077589,2.6977837,2.5664582,2.477676,2.525638
FD22ECF287BD,3.3458285,3.2506568,3.4385452,3.343434,3.2670891,3.310489
FD462BF89F7D,3.3420243,3.2456353,3.4349258,3.3395703,3.2598789,3.3044877
FD48D4BB6F06,3.3485394,3.253551,3.4411712,3.3461595,3.2696729,3.313395
FD7B0090CFE0,3.0373683,2.9453242,3.1482325,3.0296464,2.9506993,2.9890752
FD7DC289E98E,3.3485394,3.253551,3.4411712,3.3461595,3.2696729,3.313395
FD972500F1EC,3.3485343,3.2535462,3.4411666,3.3461547,3.2696671,3.31339
FD9A86C8DA31,3.3483639,3.2533631,3.4410012,3.345983,3.2695053,3.3132064
FDE0B653AD74,3.348538,3.2535496,3.4411697,3.3461578,3.2696712,3.3133934
FDF7C4F4BC4D,3.340739,3.2450569,3.4332795,3.3377213,3.2619529,3.3045392
FE459F8CF4CE,3.2349715,3.1376317,3.3314042,3.2273579,3.1594164,3.1931434
FE722240CBB7,3.3205326,3.2243679,3.4142451,3.3175817,3.2427506,3.2837105
FE7408E48786,3.3485394,3.253551,3.4411712,3.3461595,3.2696729,3.313395
FE8BA4043788,3.3485394,3.253551,3.4411712,3.3461595,3.2696729,3.313395
FEC5B79E4778,3.246016,3.1660843,3.345813,3.2419648,3.1632028,3.216172
FEE662801AF4,2.8994606,2.8066907,3.0053763,2.887047,2.8117,2.8436592
FF6224AC70C6,3.3485394,3.253551,3.4411712,3.3461595,3.2696729,3.313395
FF9E0379CD98,2.4017742,2.3297963,2.505813,2.3840704,2.3041003,2.345337
FFED00D6E0BD,3.3485367,3.2535484,3.441169,3.3461566,3.2696698,3.3133922
